{"IDD0":1.0783782338017698e33,"IDD1":4.591634678053128e-41,"IDD4R":0.0,"IDD4W":0.0,"IDD2n":0.0,"IDD3n":0.0,"IDD5":0.0}