{"trcd":12.438504219055176,"tcl":14.846162796020508,"tras":24.509050369262697,"trp":8.97856616973877,"trc":33.48761749267578,"trl":14.846162796020508,"twl":0.0,"trtp":5.432962894439697,"tccd":3.932962417602539,"twr":8.348783493041993,"trfc":83.48761749267578,"tref1":1953.125}